<?xml version="1.0" encoding="UTF-8"?>
<beans xmlns="http://www.springframework.org/schema/beans"
       xmlns:xsi="http://www.w3.org/2001/XMLSchema-instance"
       xmlns:context="http://www.springframework.org/schema/context"
       xmlns:p="http://www.springframework.org/schema/p"
       xmlns:mvc="http://www.springframework.org/schema/mvc" 
       xmlns:tx="http://www.springframework.org/schema/tx"
       xsi:schemaLocation="http://www.springframework.org/schema/beans
                           http://www.springframework.org/schema/beans/spring-beans.xsd
                           http://www.springframework.org/schema/context
                           http://www.springframework.org/schema/context/spring-context.xsd
                           http://www.springframework.org/schema/tx
                           http://www.springframework.org/schema/tx/spring-tx.xsd
                           http://www.springframework.org/schema/mvc 
                           http://www.springframework.org/schema/mvc/spring-mvc.xsd">

    <!-- ... Your other configurations ... -->

    
    <tx:annotation-driven />
    <context:component-scan base-package="com.pms"/>
    
    <!-- mvc annotation enable for accessing style.css file and image -->
    <mvc:annotation-driven/>
    <mvc:resources location="/WEB-INF/resources/" mapping="/resources/**"></mvc:resources>
    
	<bean 
	        class="org.springframework.web.servlet.view.InternalResourceViewResolver" 
	        name = "viewResolver">
	        <property name="prefix" value ="/WEB-INF/views/"/>
	        <property name="suffix" value=".jsp"></property>
	</bean>

   <!-- DATA SOURCE -->
	<bean
		class="org.springframework.jdbc.datasource.DriverManagerDataSource"
		name="ds">
		<property name="driverClassName"
			value="com.mysql.jdbc.Driver" />
		<property name="url"
			value="jdbc:mysql://localhost:3306/pmssystem" />
		<property name="username" value="root" />
		<property name="password" value="Ayush@321" />
	</bean>
    <!-- LOCAL SESSION FACTORY BEAN -->
	<bean
		class="org.springframework.orm.hibernate5.LocalSessionFactoryBean"
		name="factory">
		<property name="dataSource" ref="ds" />
		<property name="hibernateProperties">
			<props>
				<prop key="hibernate.dialect">org.hibernate.dialect.MySQL8Dialect</prop>
				<prop key="hibernate.show_sql">true</prop>
				<prop key="hibernate.hbm2ddl.auto">update</prop>
			</props>
		</property>
		<property name="annotatedClasses">
			<list>
				<value>com.pms.model.Login</value>
				<value>com.pms.model.Medicine</value>
			</list>
		</property>
	</bean>
    	<!-- HIBERNATE TEMPLATE -->
	<bean class="org.springframework.orm.hibernate5.HibernateTemplate"
		name="hibernateTemplate">
		<property name="sessionFactory" ref="factory" />
	</bean>
	<!-- TRANSACTIONMANAGER -->
	<bean
		class="org.springframework.orm.hibernate5.HibernateTransactionManager"
		name="transactionManager">
		<property name="sessionFactory" ref="factory" />
	</bean>
	
</beans>